first_name,last_name,email,username,password
Kaleb,Thowes,kthowes0@123-reg.co.uk,kthowes0,EOawWHSfp
Haslett,Hambright,hhambright1@themeforest.net,hhambright1,IxtiAR9p
Guillermo,Sydes,gsydes2@gravatar.com,gsydes2,8LEWkAXjYf
Evered,Keaton,ekeaton3@csmonitor.com,ekeaton3,wIoK5kvq
Fifi,Coviello,fcoviello4@theglobeandmail.com,fcoviello4,5ldDt4h
Catlaina,Carreck,ccarreck5@weebly.com,ccarreck5,8Yb4RO
Perry,Matyushkin,pmatyushkin6@java.com,pmatyushkin6,YIyTxTXKj
Brice,Cartledge,bcartledge7@bloomberg.com,bcartledge7,qKZO0fB
Chance,Blodgetts,cblodgetts8@posterous.com,cblodgetts8,NuaEQARLsm
Dore,Tedridge,dtedridge9@cbc.ca,dtedridge9,K4z3N6
Charita,Megarrell,cmegarrella@friendfeed.com,cmegarrella,4SUrLxabJJG
Damian,Uden,dudenb@nasa.gov,dudenb,pn7rNJ
Josias,Spellissy,jspellissyc@globo.com,jspellissyc,JBsCwVqJO
Susette,Barnet,sbarnetd@prnewswire.com,sbarnetd,FIwrcGOpV
Barnabas,Chisholme,bchisholmee@mozilla.org,bchisholmee,OYw8El3rjM
,,,,
zach,estes,zachgc,jhdbsvk,jkac
